--
-- PostgreSQL database dump
--

\restrict j7n2N640r1K9eZjjrfjSK1cEPqddfzjGL2LEyCF6Cc1PJ5STq8aIgCb42gb5JY6

-- Dumped from database version 18.0
-- Dumped by pg_dump version 18.0

SET statement_timeout = 0;
SET lock_timeout = 0;
SET idle_in_transaction_session_timeout = 0;
SET transaction_timeout = 0;
SET client_encoding = 'UTF8';
SET standard_conforming_strings = on;
SELECT pg_catalog.set_config('search_path', '', false);
SET check_function_bodies = false;
SET xmloption = content;
SET client_min_messages = warning;
SET row_security = off;

SET default_tablespace = '';

SET default_table_access_method = heap;

--
-- Name: accounts_profile; Type: TABLE; Schema: public; Owner: username
--

CREATE TABLE public.accounts_profile (
    id bigint NOT NULL,
    bio text NOT NULL,
    avatar character varying(100) NOT NULL,
    birth_date date,
    gender character varying(10),
    created_at timestamp with time zone NOT NULL,
    updated_at timestamp with time zone CONSTRAINT accounts_profile_updatet_at_not_null NOT NULL,
    is_verified boolean NOT NULL,
    email_notifications boolean NOT NULL,
    location character varying(100),
    user_id integer NOT NULL
);


ALTER TABLE public.accounts_profile OWNER TO username;

--
-- Name: accounts_profile_id_seq; Type: SEQUENCE; Schema: public; Owner: username
--

ALTER TABLE public.accounts_profile ALTER COLUMN id ADD GENERATED BY DEFAULT AS IDENTITY (
    SEQUENCE NAME public.accounts_profile_id_seq
    START WITH 1
    INCREMENT BY 1
    NO MINVALUE
    NO MAXVALUE
    CACHE 1
);


--
-- Name: auth_group; Type: TABLE; Schema: public; Owner: username
--

CREATE TABLE public.auth_group (
    id integer NOT NULL,
    name character varying(150) NOT NULL
);


ALTER TABLE public.auth_group OWNER TO username;

--
-- Name: auth_group_id_seq; Type: SEQUENCE; Schema: public; Owner: username
--

ALTER TABLE public.auth_group ALTER COLUMN id ADD GENERATED BY DEFAULT AS IDENTITY (
    SEQUENCE NAME public.auth_group_id_seq
    START WITH 1
    INCREMENT BY 1
    NO MINVALUE
    NO MAXVALUE
    CACHE 1
);


--
-- Name: auth_group_permissions; Type: TABLE; Schema: public; Owner: username
--

CREATE TABLE public.auth_group_permissions (
    id bigint NOT NULL,
    group_id integer NOT NULL,
    permission_id integer NOT NULL
);


ALTER TABLE public.auth_group_permissions OWNER TO username;

--
-- Name: auth_group_permissions_id_seq; Type: SEQUENCE; Schema: public; Owner: username
--

ALTER TABLE public.auth_group_permissions ALTER COLUMN id ADD GENERATED BY DEFAULT AS IDENTITY (
    SEQUENCE NAME public.auth_group_permissions_id_seq
    START WITH 1
    INCREMENT BY 1
    NO MINVALUE
    NO MAXVALUE
    CACHE 1
);


--
-- Name: auth_permission; Type: TABLE; Schema: public; Owner: username
--

CREATE TABLE public.auth_permission (
    id integer NOT NULL,
    name character varying(255) NOT NULL,
    content_type_id integer NOT NULL,
    codename character varying(100) NOT NULL
);


ALTER TABLE public.auth_permission OWNER TO username;

--
-- Name: auth_permission_id_seq; Type: SEQUENCE; Schema: public; Owner: username
--

ALTER TABLE public.auth_permission ALTER COLUMN id ADD GENERATED BY DEFAULT AS IDENTITY (
    SEQUENCE NAME public.auth_permission_id_seq
    START WITH 1
    INCREMENT BY 1
    NO MINVALUE
    NO MAXVALUE
    CACHE 1
);


--
-- Name: auth_user; Type: TABLE; Schema: public; Owner: username
--

CREATE TABLE public.auth_user (
    id integer NOT NULL,
    password character varying(128) NOT NULL,
    last_login timestamp with time zone,
    is_superuser boolean NOT NULL,
    username character varying(150) NOT NULL,
    first_name character varying(150) NOT NULL,
    last_name character varying(150) NOT NULL,
    email character varying(254) NOT NULL,
    is_staff boolean NOT NULL,
    is_active boolean NOT NULL,
    date_joined timestamp with time zone NOT NULL
);


ALTER TABLE public.auth_user OWNER TO username;

--
-- Name: auth_user_groups; Type: TABLE; Schema: public; Owner: username
--

CREATE TABLE public.auth_user_groups (
    id bigint NOT NULL,
    user_id integer NOT NULL,
    group_id integer NOT NULL
);


ALTER TABLE public.auth_user_groups OWNER TO username;

--
-- Name: auth_user_groups_id_seq; Type: SEQUENCE; Schema: public; Owner: username
--

ALTER TABLE public.auth_user_groups ALTER COLUMN id ADD GENERATED BY DEFAULT AS IDENTITY (
    SEQUENCE NAME public.auth_user_groups_id_seq
    START WITH 1
    INCREMENT BY 1
    NO MINVALUE
    NO MAXVALUE
    CACHE 1
);


--
-- Name: auth_user_id_seq; Type: SEQUENCE; Schema: public; Owner: username
--

ALTER TABLE public.auth_user ALTER COLUMN id ADD GENERATED BY DEFAULT AS IDENTITY (
    SEQUENCE NAME public.auth_user_id_seq
    START WITH 1
    INCREMENT BY 1
    NO MINVALUE
    NO MAXVALUE
    CACHE 1
);


--
-- Name: auth_user_user_permissions; Type: TABLE; Schema: public; Owner: username
--

CREATE TABLE public.auth_user_user_permissions (
    id bigint NOT NULL,
    user_id integer NOT NULL,
    permission_id integer NOT NULL
);


ALTER TABLE public.auth_user_user_permissions OWNER TO username;

--
-- Name: auth_user_user_permissions_id_seq; Type: SEQUENCE; Schema: public; Owner: username
--

ALTER TABLE public.auth_user_user_permissions ALTER COLUMN id ADD GENERATED BY DEFAULT AS IDENTITY (
    SEQUENCE NAME public.auth_user_user_permissions_id_seq
    START WITH 1
    INCREMENT BY 1
    NO MINVALUE
    NO MAXVALUE
    CACHE 1
);


--
-- Name: authtoken_token; Type: TABLE; Schema: public; Owner: username
--

CREATE TABLE public.authtoken_token (
    key character varying(40) NOT NULL,
    created timestamp with time zone NOT NULL,
    user_id integer NOT NULL
);


ALTER TABLE public.authtoken_token OWNER TO username;

--
-- Name: bazar_category; Type: TABLE; Schema: public; Owner: username
--

CREATE TABLE public.bazar_category (
    id bigint NOT NULL,
    title character varying(250) NOT NULL,
    created_at timestamp with time zone NOT NULL
);


ALTER TABLE public.bazar_category OWNER TO username;

--
-- Name: bazar_category_id_seq; Type: SEQUENCE; Schema: public; Owner: username
--

ALTER TABLE public.bazar_category ALTER COLUMN id ADD GENERATED BY DEFAULT AS IDENTITY (
    SEQUENCE NAME public.bazar_category_id_seq
    START WITH 1
    INCREMENT BY 1
    NO MINVALUE
    NO MAXVALUE
    CACHE 1
);


--
-- Name: bazar_product; Type: TABLE; Schema: public; Owner: username
--

CREATE TABLE public.bazar_product (
    id bigint NOT NULL,
    title character varying(255) NOT NULL,
    price double precision NOT NULL,
    product_qty integer NOT NULL,
    category_id bigint NOT NULL,
    section_located_id bigint NOT NULL,
    slug character varying(50) NOT NULL
);


ALTER TABLE public.bazar_product OWNER TO username;

--
-- Name: bazar_product_id_seq; Type: SEQUENCE; Schema: public; Owner: username
--

ALTER TABLE public.bazar_product ALTER COLUMN id ADD GENERATED BY DEFAULT AS IDENTITY (
    SEQUENCE NAME public.bazar_product_id_seq
    START WITH 1
    INCREMENT BY 1
    NO MINVALUE
    NO MAXVALUE
    CACHE 1
);


--
-- Name: bazar_section; Type: TABLE; Schema: public; Owner: username
--

CREATE TABLE public.bazar_section (
    id bigint NOT NULL,
    title character varying(64) NOT NULL,
    "position" character varying(255) NOT NULL,
    is_required_sale_license boolean NOT NULL,
    open_time time without time zone NOT NULL,
    close_time time without time zone NOT NULL,
    slug character varying(50) NOT NULL
);


ALTER TABLE public.bazar_section OWNER TO username;

--
-- Name: bazar_section_id_seq; Type: SEQUENCE; Schema: public; Owner: username
--

ALTER TABLE public.bazar_section ALTER COLUMN id ADD GENERATED BY DEFAULT AS IDENTITY (
    SEQUENCE NAME public.bazar_section_id_seq
    START WITH 1
    INCREMENT BY 1
    NO MINVALUE
    NO MAXVALUE
    CACHE 1
);


--
-- Name: cart_cart; Type: TABLE; Schema: public; Owner: username
--

CREATE TABLE public.cart_cart (
    id bigint NOT NULL,
    user_id integer NOT NULL
);


ALTER TABLE public.cart_cart OWNER TO username;

--
-- Name: cart_cart_id_seq; Type: SEQUENCE; Schema: public; Owner: username
--

ALTER TABLE public.cart_cart ALTER COLUMN id ADD GENERATED BY DEFAULT AS IDENTITY (
    SEQUENCE NAME public.cart_cart_id_seq
    START WITH 1
    INCREMENT BY 1
    NO MINVALUE
    NO MAXVALUE
    CACHE 1
);


--
-- Name: cart_cartitem; Type: TABLE; Schema: public; Owner: username
--

CREATE TABLE public.cart_cartitem (
    id bigint NOT NULL,
    quantity integer NOT NULL,
    cart_id bigint NOT NULL,
    product_id bigint NOT NULL,
    CONSTRAINT cart_cartitem_quantity_check CHECK ((quantity >= 0))
);


ALTER TABLE public.cart_cartitem OWNER TO username;

--
-- Name: cart_cartitem_id_seq; Type: SEQUENCE; Schema: public; Owner: username
--

ALTER TABLE public.cart_cartitem ALTER COLUMN id ADD GENERATED BY DEFAULT AS IDENTITY (
    SEQUENCE NAME public.cart_cartitem_id_seq
    START WITH 1
    INCREMENT BY 1
    NO MINVALUE
    NO MAXVALUE
    CACHE 1
);


--
-- Name: django_admin_log; Type: TABLE; Schema: public; Owner: username
--

CREATE TABLE public.django_admin_log (
    id integer NOT NULL,
    action_time timestamp with time zone NOT NULL,
    object_id text,
    object_repr character varying(200) NOT NULL,
    action_flag smallint NOT NULL,
    change_message text NOT NULL,
    content_type_id integer,
    user_id integer NOT NULL,
    CONSTRAINT django_admin_log_action_flag_check CHECK ((action_flag >= 0))
);


ALTER TABLE public.django_admin_log OWNER TO username;

--
-- Name: django_admin_log_id_seq; Type: SEQUENCE; Schema: public; Owner: username
--

ALTER TABLE public.django_admin_log ALTER COLUMN id ADD GENERATED BY DEFAULT AS IDENTITY (
    SEQUENCE NAME public.django_admin_log_id_seq
    START WITH 1
    INCREMENT BY 1
    NO MINVALUE
    NO MAXVALUE
    CACHE 1
);


--
-- Name: django_content_type; Type: TABLE; Schema: public; Owner: username
--

CREATE TABLE public.django_content_type (
    id integer NOT NULL,
    app_label character varying(100) NOT NULL,
    model character varying(100) NOT NULL
);


ALTER TABLE public.django_content_type OWNER TO username;

--
-- Name: django_content_type_id_seq; Type: SEQUENCE; Schema: public; Owner: username
--

ALTER TABLE public.django_content_type ALTER COLUMN id ADD GENERATED BY DEFAULT AS IDENTITY (
    SEQUENCE NAME public.django_content_type_id_seq
    START WITH 1
    INCREMENT BY 1
    NO MINVALUE
    NO MAXVALUE
    CACHE 1
);


--
-- Name: django_migrations; Type: TABLE; Schema: public; Owner: username
--

CREATE TABLE public.django_migrations (
    id bigint NOT NULL,
    app character varying(255) NOT NULL,
    name character varying(255) NOT NULL,
    applied timestamp with time zone NOT NULL
);


ALTER TABLE public.django_migrations OWNER TO username;

--
-- Name: django_migrations_id_seq; Type: SEQUENCE; Schema: public; Owner: username
--

ALTER TABLE public.django_migrations ALTER COLUMN id ADD GENERATED BY DEFAULT AS IDENTITY (
    SEQUENCE NAME public.django_migrations_id_seq
    START WITH 1
    INCREMENT BY 1
    NO MINVALUE
    NO MAXVALUE
    CACHE 1
);


--
-- Name: django_session; Type: TABLE; Schema: public; Owner: username
--

CREATE TABLE public.django_session (
    session_key character varying(40) NOT NULL,
    session_data text NOT NULL,
    expire_date timestamp with time zone NOT NULL
);


ALTER TABLE public.django_session OWNER TO username;

--
-- Data for Name: accounts_profile; Type: TABLE DATA; Schema: public; Owner: username
--

COPY public.accounts_profile (id, bio, avatar, birth_date, gender, created_at, updated_at, is_verified, email_notifications, location, user_id) FROM stdin;
11		avatars/default.png	\N	\N	2025-11-07 22:03:30.120023+02	2025-11-12 23:47:04.895832+02	f	t	\N	22
\.


--
-- Data for Name: auth_group; Type: TABLE DATA; Schema: public; Owner: username
--

COPY public.auth_group (id, name) FROM stdin;
1	Users
\.


--
-- Data for Name: auth_group_permissions; Type: TABLE DATA; Schema: public; Owner: username
--

COPY public.auth_group_permissions (id, group_id, permission_id) FROM stdin;
\.


--
-- Data for Name: auth_permission; Type: TABLE DATA; Schema: public; Owner: username
--

COPY public.auth_permission (id, name, content_type_id, codename) FROM stdin;
1	Can add log entry	1	add_logentry
2	Can change log entry	1	change_logentry
3	Can delete log entry	1	delete_logentry
4	Can view log entry	1	view_logentry
5	Can add permission	2	add_permission
6	Can change permission	2	change_permission
7	Can delete permission	2	delete_permission
8	Can view permission	2	view_permission
9	Can add group	3	add_group
10	Can change group	3	change_group
11	Can delete group	3	delete_group
12	Can view group	3	view_group
13	Can add user	4	add_user
14	Can change user	4	change_user
15	Can delete user	4	delete_user
16	Can view user	4	view_user
17	Can add content type	5	add_contenttype
18	Can change content type	5	change_contenttype
19	Can delete content type	5	delete_contenttype
20	Can view content type	5	view_contenttype
21	Can add session	6	add_session
22	Can change session	6	change_session
23	Can delete session	6	delete_session
24	Can view session	6	view_session
25	Can add meat	7	add_meat
26	Can change meat	7	change_meat
27	Can delete meat	7	delete_meat
28	Can view meat	7	view_meat
29	Can add product	8	add_product
30	Can change product	8	change_product
31	Can delete product	8	delete_product
32	Can view product	8	view_product
33	Can add section	9	add_section
34	Can change section	9	change_section
35	Can delete section	9	delete_section
36	Can view section	9	view_section
37	Can add category	10	add_category
38	Can change category	10	change_category
39	Can delete category	10	delete_category
40	Can view category	10	view_category
41	Can add product	11	add_product
42	Can change product	11	change_product
43	Can delete product	11	delete_product
44	Can view product	11	view_product
45	Can add category	12	add_category
46	Can change category	12	change_category
47	Can delete category	12	delete_category
48	Can view category	12	view_category
49	Can add section	13	add_section
50	Can change section	13	change_section
51	Can delete section	13	delete_section
52	Can view section	13	view_section
53	Can add profile	14	add_profile
54	Can change profile	14	change_profile
55	Can delete profile	14	delete_profile
56	Can view profile	14	view_profile
57	Can add cart item	15	add_cartitem
58	Can change cart item	15	change_cartitem
59	Can delete cart item	15	delete_cartitem
60	Can view cart item	15	view_cartitem
61	Can add cart	16	add_cart
62	Can change cart	16	change_cart
63	Can delete cart	16	delete_cart
64	Can view cart	16	view_cart
65	Can add Token	17	add_token
66	Can change Token	17	change_token
67	Can delete Token	17	delete_token
68	Can view Token	17	view_token
69	Can add Token	18	add_tokenproxy
70	Can change Token	18	change_tokenproxy
71	Can delete Token	18	delete_tokenproxy
72	Can view Token	18	view_tokenproxy
\.


--
-- Data for Name: auth_user; Type: TABLE DATA; Schema: public; Owner: username
--

COPY public.auth_user (id, password, last_login, is_superuser, username, first_name, last_name, email, is_staff, is_active, date_joined) FROM stdin;
22	pbkdf2_sha256$1000000$u86DtptQiT9csyo98CPD83$cI60rShpxSCaIPEU6jwmjukVivLxq6ttw+UeuT3iHa4=	2025-11-12 23:47:04.889167+02	f	vasya	Vasiliy	Petrenko	vasya.pupkin@gmail.ua	f	t	2025-11-07 22:03:29.736531+02
2	pbkdf2_sha256$1000000$oPNKuDkzHYXs8ruo0RypSA$/5I4AlRAM9pjgQB6UbVFOFaMSsxHSfMdRY8lBvI+VuM=	\N	f	username	Uzver`	Bat`kovich	example@email.com	f	t	2025-09-29 21:04:42+03
1	pbkdf2_sha256$1000000$oPNKuDkzHYXs8ruo0RypSA$/5I4AlRAM9pjgQB6UbVFOFaMSsxHSfMdRY8lBvI+VuM=	2025-11-07 20:45:24.37767+02	t	django_superuser			superuser@email.com	t	t	2025-09-29 20:51:00.218773+03
\.


--
-- Data for Name: auth_user_groups; Type: TABLE DATA; Schema: public; Owner: username
--

COPY public.auth_user_groups (id, user_id, group_id) FROM stdin;
1	2	1
\.


--
-- Data for Name: auth_user_user_permissions; Type: TABLE DATA; Schema: public; Owner: username
--

COPY public.auth_user_user_permissions (id, user_id, permission_id) FROM stdin;
\.


--
-- Data for Name: authtoken_token; Type: TABLE DATA; Schema: public; Owner: username
--

COPY public.authtoken_token (key, created, user_id) FROM stdin;
5a32972c3ff357a604520edce221077c48d47eac	2025-11-12 23:16:09.586303+02	22
\.


--
-- Data for Name: bazar_category; Type: TABLE DATA; Schema: public; Owner: username
--

COPY public.bazar_category (id, title, created_at) FROM stdin;
1	Fruits & Vegetables	2025-09-29 23:52:03.656671+03
2	Meat & Seafood	2025-09-29 23:52:10.498431+03
3	Dairy & Eggs	2025-09-29 23:52:16.665691+03
4	Bakery & Pastries	2025-09-29 23:52:20.689757+03
5	Pantry & Dry Goods	2025-09-29 23:52:25.254084+03
6	Beverages	2023-09-30 02:52:10.656947+03
7	Snacks & Chips	2023-09-30 02:52:10.656947+03
8	Frozen Foods	2023-09-30 02:52:10.656947+03
9	Canned Goods	2023-09-30 02:52:10.656947+03
10	Condiments & Sauces	2023-09-30 02:52:10.656947+03
11	Pasta & Rice	2023-09-30 02:52:10.656947+03
12	Breakfast & Cereals	2023-09-30 02:52:10.656947+03
13	Baby Products	2023-09-30 02:52:10.656947+03
14	Pet Supplies	2023-09-30 02:52:10.656947+03
15	Cleaning Supplies	2023-09-30 02:52:10.656947+03
16	Personal Care	2023-09-30 02:52:10.656947+03
17	Health & Wellness	2023-09-30 02:52:10.656947+03
18	Household Essentials	2023-09-30 02:52:10.656947+03
19	Stationery & Office	2023-09-30 02:52:10.656947+03
20	Electronics	2023-09-30 02:52:10.656947+03
21	Clothing & Accessories	2023-09-30 02:52:10.656947+03
22	Footwear	2023-09-30 02:52:10.656947+03
23	Home Decor	2023-09-30 02:52:10.656947+03
24	Furniture	2023-09-30 02:52:10.656947+03
25	Tools & Hardware	2023-09-30 02:52:10.656947+03
26	Gardening Supplies	2023-09-30 02:52:10.656947+03
27	Outdoor Equipment	2023-09-30 02:52:10.656947+03
28	Sports & Fitness	2023-09-30 02:52:10.656947+03
29	Books & Magazines	2023-09-30 02:52:10.656947+03
30	Music & Instruments	2023-09-30 02:52:10.656947+03
31	Toys & Games	2023-09-30 02:52:10.656947+03
32	Art & Craft Supplies	2023-09-30 02:52:10.656947+03
33	Automotive Parts	2023-09-30 02:52:10.656947+03
34	Motorcycles & Gear	2023-09-30 02:52:10.656947+03
35	Travel Accessories	2023-09-30 02:52:10.656947+03
36	Luggage & Bags	2023-09-30 02:52:10.656947+03
37	Jewelry & Watches	2023-09-30 02:52:10.656947+03
38	Beauty Products	2023-09-30 02:52:10.656947+03
39	Kitchenware	2023-09-30 02:52:10.656947+03
40	Cookware & Bakeware	2023-09-30 02:52:10.656947+03
41	Lighting & Fixtures	2023-09-30 02:52:10.656947+03
42	Bathroom Essentials	2023-09-30 02:52:10.656947+03
43	Safety & Security	2023-09-30 02:52:10.656947+03
44	Seasonal Decor	2023-09-30 02:52:10.656947+03
45	Gift Items	2023-09-30 02:52:10.656947+03
\.


--
-- Data for Name: bazar_product; Type: TABLE DATA; Schema: public; Owner: username
--

COPY public.bazar_product (id, title, price, product_qty, category_id, section_located_id, slug) FROM stdin;
1	Red Apple (1 kg)	38	120	1	1	red-apple-1-kg-
5	Pasta (500g)	24	150	5	5	pasta-500g-
3	Milk (1L)	32	200	3	4	milk-1l-
2	Meat (1kg)	115	80	2	2	meat-1kg-
6	Orange Juice (1L)	42	80	6	10	orange-juice-1l-
7	Potato Chips (150g)	28	200	7	9	potato-chips-150g-
8	Frozen Peas (400g)	33	90	8	8	frozen-peas-400g-
9	Canned Beans (400g)	22	160	9	11	canned-beans-400g-
10	Tomato Sauce (300g)	18	140	10	12	tomato-sauce-300g-
11	Rice (1kg)	35	180	11	13	rice-1kg-
12	Cornflakes (500g)	26	130	12	15	cornflakes-500g-
14	Dog Food (2kg)	95	60	14	17	dog-food-2kg-
15	Glass Cleaner (500ml)	29	100	15	18	glass-cleaner-500ml-
16	Shampoo (250ml)	48	85	16	19	shampoo-250ml-
17	Vitamin C (30 tabs)	62	50	17	20	vitamin-c-30-tabs-
18	Toilet Paper (4 rolls)	36	120	18	21	toilet-paper-4-rolls-
19	Notebook A5	15	200	19	22	notebook-a5
20	USB Cable (1m)	40	110	20	23	usb-cable-1m-
21	T-shirt (M)	75	95	21	24	t-shirt-m-
22	Sneakers (size 42)	120	40	22	25	sneakers-size-42-
23	Wall Clock	150	30	23	26	wall-clock
24	Office Chair	850	20	24	27	office-chair
25	Hammer	65	50	25	28	hammer
26	Garden Hose (10m)	98	35	26	29	garden-hose-10m-
27	Tent (2-person)	620	15	27	30	tent-2-person-
28	Yoga Mat	110	45	28	31	yoga-mat
49	tovar	1234	90	7	18	tovar
29	Magazine "Odessa Life"	20	100	29	32	magazine-odessa-life-
30	Guitar (acoustic)	950	10	30	33	guitar-acoustic-
31	Board Game "Strategy"	280	25	31	34	board-game-strategy-
32	Paint Set (24 colors)	120	40	32	22	paint-set-24-colors-
33	Car Battery (12V)	1150	8	33	28	car-battery-12v-
34	Motorcycle Helmet	780	12	34	25	motorcycle-helmet
35	Travel Pillow	95	60	35	30	travel-pillow
36	Suitcase (medium)	640	18	36	23	suitcase-medium-
37	Silver Necklace	1200	5	37	26	silver-necklace
38	Face Cream (50ml)	210	30	38	19	face-cream-50ml-
39	Frying Pan (28cm)	340	22	39	27	frying-pan-28cm-
42	Shower Curtain	130	40	42	18	shower-curtain
43	Smoke Detector	220	15	43	20	smoke-detector
44	Christmas Garland	85	60	44	21	christmas-garland
45	Gift Box (large)	55	100	45	35	gift-box-large-
54	╨Т╨╡╨╗╨╛╤Б╨╕╨┐╨╡╨┤	1234	1234	1	6	elosiped
40	Baking Tray	180	25	40	27	baking-tray
\.


--
-- Data for Name: bazar_section; Type: TABLE DATA; Schema: public; Owner: username
--

COPY public.bazar_section (id, title, "position", is_required_sale_license, open_time, close_time, slug) FROM stdin;
5	Pantry Section	5 Drygoods Road, Vasylivka, Odesa	f	09:00:00	19:00:00	pantry-section
4	Dairy Section	10 Milk Avenue, Vasylivka, Odesa	t	08:30:00	16:30:00	dairy-section
6	Bakery Section	Panteleimonivska Street, 15, ╨Ю╨┤╨╡╤Б╨░	f	08:00:00	17:00:00	bakery-section
7	Seafood Section	Prymorska Street, 33, ╨Ю╨┤╨╡╤Б╨░	t	06:00:00	16:30:00	seafood-section
8	Frozen Goods	Balkivska Street, 9, ╨Ю╨┤╨╡╤Б╨░	f	09:00:00	18:00:00	frozen-goods
9	Snacks Corner	Mechnykova Street, 27, ╨Ю╨┤╨╡╤Б╨░	f	08:00:00	17:00:00	snacks-corner
22	Stationery	Yevreiska Street, 39, ╨Ю╨┤╨╡╤Б╨░	f	09:00:00	17:00:00	stationery
23	Electronics	Arnautska Street, 50, ╨Ю╨┤╨╡╤Б╨░	t	10:00:00	18:00:00	electronics
24	Clothing	Velyka Arnautska Street, 61, ╨Ю╨┤╨╡╤Б╨░	f	09:00:00	17:00:00	clothing
25	Footwear	Tyraspolska Street, 73, ╨Ю╨┤╨╡╤Б╨░	f	09:00:00	17:00:00	footwear
26	Home Decor	Pyrohivska Street, 85, ╨Ю╨┤╨╡╤Б╨░	t	08:00:00	17:00:00	home-decor
27	Furniture	Frantsuzkyi Boulevard, 97, ╨Ю╨┤╨╡╤Б╨░	f	09:00:00	18:00:00	furniture
28	Tools & Hardware	Italiiskyi Boulevard, 108, ╨Ю╨┤╨╡╤Б╨░	f	08:00:00	17:00:00	tools-hardware
29	Gardening	Akademika Viliamsa Street, 120, ╨Ю╨┤╨╡╤Б╨░	t	07:30:00	16:30:00	gardening
30	Outdoor Gear	Lustdorf Road, 132, ╨Ю╨┤╨╡╤Б╨░	f	09:00:00	17:00:00	outdoor-gear
31	Sports Equipment	Henuiezka Street, 145, ╨Ю╨┤╨╡╤Б╨░	f	08:00:00	17:00:00	sports-equipment
32	Books & Magazines	Marshala Hovorova Street, 158, ╨Ю╨┤╨╡╤Б╨░	f	09:00:00	17:00:00	books-magazines
10	Beverage Zone	Kanatna Street, 42, ╨Ю╨┤╨╡╤Б╨░	t	07:00:00	19:00:00	beverage-zone
11	Canned Goods	Serednofontanska Street, 18, ╨Ю╨┤╨╡╤Б╨░	f	08:00:00	17:00:00	canned-goods
12	Spices & Herbs	Bazarna Street, 21, ╨Ю╨┤╨╡╤Б╨░	f	09:00:00	17:30:00	spices-herbs
13	Rice & Grains	Mala Arnautska Street, 36, ╨Ю╨┤╨╡╤Б╨░	t	06:30:00	16:30:00	rice-grains
14	Pasta Section	Novoshchipnyi Ryad Street, 11, ╨Ю╨┤╨╡╤Б╨░	f	08:00:00	17:00:00	pasta-section
15	Breakfast Items	Torgova Street, 7, ╨Ю╨┤╨╡╤Б╨░	f	07:00:00	12:00:00	breakfast-items
16	Baby Products	Pushkinska Street, 22, ╨Ю╨┤╨╡╤Б╨░	t	09:00:00	17:00:00	baby-products
17	Pet Supplies	Uspenska Street, 30, ╨Ю╨┤╨╡╤Б╨░	f	08:00:00	17:00:00	pet-supplies
18	Cleaning Supplies	Richelievska Street, 44, ╨Ю╨┤╨╡╤Б╨░	f	08:00:00	17:00:00	cleaning-supplies
19	Personal Care	Gretska Street, 19, ╨Ю╨┤╨╡╤Б╨░	t	09:00:00	18:00:00	personal-care
20	Health & Wellness	Lanzheronivska Street, 12, ╨Ю╨┤╨╡╤Б╨░	f	08:00:00	17:00:00	health-wellness
21	Household Essentials	Katerynynska Street, 28, ╨Ю╨┤╨╡╤Б╨░	f	08:00:00	17:00:00	household-essentials
33	Music & Instruments	Akademika Hlushka Street, 170, ╨Ю╨┤╨╡╤Б╨░	t	10:00:00	18:00:00	music-instruments
34	Toys & Games	Varnenska Street, 182, ╨Ю╨┤╨╡╤Б╨░	f	08:00:00	17:00:00	toys-games
35	Gift Items	Inglezi Street, 194, ╨Ю╨┤╨╡╤Б╨░	f	09:00:00	17:00:00	gift-items
1	Produce Section	12 Greenway Blvd, Vasylivka, Odesa	f	08:00:00	16:00:00	produce-section
2	Meat Section	14 Butcher Lane, Vasylivka, Odesa	t	09:00:00	17:00:00	meat-section
\.


--
-- Data for Name: cart_cart; Type: TABLE DATA; Schema: public; Owner: username
--

COPY public.cart_cart (id, user_id) FROM stdin;
8	22
\.


--
-- Data for Name: cart_cartitem; Type: TABLE DATA; Schema: public; Owner: username
--

COPY public.cart_cartitem (id, quantity, cart_id, product_id) FROM stdin;
\.


--
-- Data for Name: django_admin_log; Type: TABLE DATA; Schema: public; Owner: username
--

COPY public.django_admin_log (id, action_time, object_id, object_repr, action_flag, change_message, content_type_id, user_id) FROM stdin;
1	2025-09-29 21:04:42.799521+03	2	username	1	[{"added": {}}]	4	1
2	2025-09-29 21:05:38.41695+03	2	username	2	[{"changed": {"fields": ["First name", "Last name", "Email address"]}}]	4	1
3	2025-09-29 21:06:02.5076+03	1	Users	1	[{"added": {}}]	3	1
4	2025-09-29 21:06:36.290192+03	2	username	2	[{"changed": {"fields": ["Groups"]}}]	4	1
5	2025-09-29 23:14:36.203609+03	1	Category object (1)	1	[{"added": {}}]	10	1
6	2025-09-29 23:14:54.42392+03	2	Category object (2)	1	[{"added": {}}]	10	1
7	2025-09-29 23:15:01.886685+03	3	Category object (3)	1	[{"added": {}}]	10	1
8	2025-09-29 23:15:11.893581+03	4	Category object (4)	1	[{"added": {}}]	10	1
9	2025-09-29 23:15:21.221467+03	5	Category object (5)	1	[{"added": {}}]	10	1
10	2025-09-29 23:15:26.195291+03	5	Category object (5)	2	[]	10	1
11	2025-09-29 23:52:03.657886+03	1	Category object (1)	1	[{"added": {}}]	10	1
12	2025-09-29 23:52:10.49938+03	2	Category object (2)	1	[{"added": {}}]	10	1
13	2025-09-29 23:52:16.666668+03	3	Category object (3)	1	[{"added": {}}]	10	1
14	2025-09-29 23:52:20.691151+03	4	Category object (4)	1	[{"added": {}}]	10	1
15	2025-09-29 23:52:25.255203+03	5	Category object (5)	1	[{"added": {}}]	10	1
16	2025-09-29 23:53:32.307066+03	1	Section object (1)	1	[{"added": {}}]	9	1
17	2025-09-29 23:54:15.507386+03	2	Section object (2)	1	[{"added": {}}]	9	1
18	2025-09-29 23:54:52.908707+03	3	Section object (3)	1	[{"added": {}}]	9	1
19	2025-09-29 23:55:16.671109+03	4	Section object (4)	1	[{"added": {}}]	9	1
20	2025-09-29 23:56:06.621227+03	5	Section object (5)	1	[{"added": {}}]	9	1
21	2025-09-29 23:56:25.90583+03	4	Section object (4)	2	[{"changed": {"fields": ["Is required sale license"]}}]	9	1
22	2025-09-30 00:04:55.580715+03	1	Red Apple (1 kg)	1	[{"added": {}}]	8	1
23	2025-09-30 00:05:31.905056+03	2	Chicken Breast (1kg)	1	[{"added": {}}]	8	1
24	2025-09-30 00:05:56.835726+03	3	Whole Milk (1L)	1	[{"added": {}}]	8	1
25	2025-09-30 00:06:27.297173+03	4	Rye Bread (loaf)	1	[{"added": {}}]	8	1
26	2025-09-30 00:07:47.168879+03	5	Pasta Fusilli (500g)	1	[{"added": {}}]	8	1
27	2025-09-30 00:10:10.811849+03	5	Pasta (500g)	2	[{"changed": {"fields": ["Title"]}}]	8	1
28	2025-09-30 00:10:19.132278+03	4	Bread (loaf)	2	[{"changed": {"fields": ["Title"]}}]	8	1
29	2025-09-30 00:10:26.111713+03	3	Milk (1L)	2	[{"changed": {"fields": ["Title"]}}]	8	1
30	2025-09-30 00:10:35.052958+03	2	Meat (1kg)	2	[{"changed": {"fields": ["Title"]}}]	8	1
31	2025-10-20 19:27:06.608117+03	3	Bakery Section	3		13	1
32	2025-10-21 13:22:13.431938+03	48	╨в╨╛╨▓╨░╤А	2	[{"changed": {"fields": ["Slug"]}}]	11	1
33	2025-10-21 13:30:23.86305+03	47	dfasdf	3		11	1
34	2025-10-21 13:30:23.863092+03	48	╨в╨╛╨▓╨░╤А	3		11	1
35	2025-10-21 13:33:04.043714+03	52	╨Т╨╡╨╗╨╛╤Б╨╕╨┐╨╡╨┤	3		11	1
36	2025-10-21 13:33:04.043745+03	50	╨в╨╛╨▓╨░╤Аtovar	3		11	1
37	2025-10-21 13:34:35.988433+03	53	╨Т╨╡╨╗╨╛╤Б╨╕╨┐╨╡╨┤	3		11	1
38	2025-11-07 20:45:42.577423+02	51	Yoga Mat	3		11	1
\.


--
-- Data for Name: django_content_type; Type: TABLE DATA; Schema: public; Owner: username
--

COPY public.django_content_type (id, app_label, model) FROM stdin;
1	admin	logentry
2	auth	permission
3	auth	group
4	auth	user
5	contenttypes	contenttype
6	sessions	session
7	meat_section	meat
8	meat_section	product
9	meat_section	section
10	meat_section	category
11	bazar	product
12	bazar	category
13	bazar	section
14	accounts	profile
15	cart	cartitem
16	cart	cart
17	authtoken	token
18	authtoken	tokenproxy
\.


--
-- Data for Name: django_migrations; Type: TABLE DATA; Schema: public; Owner: username
--

COPY public.django_migrations (id, app, name, applied) FROM stdin;
1	contenttypes	0001_initial	2025-09-29 20:46:37.343402+03
2	auth	0001_initial	2025-09-29 20:46:37.375609+03
3	admin	0001_initial	2025-09-29 20:46:37.38732+03
4	admin	0002_logentry_remove_auto_add	2025-09-29 20:46:37.391118+03
5	admin	0003_logentry_add_action_flag_choices	2025-09-29 20:46:37.395005+03
6	contenttypes	0002_remove_content_type_name	2025-09-29 20:46:37.40396+03
7	auth	0002_alter_permission_name_max_length	2025-09-29 20:46:37.408275+03
8	auth	0003_alter_user_email_max_length	2025-09-29 20:46:37.413289+03
9	auth	0004_alter_user_username_opts	2025-09-29 20:46:37.417179+03
10	auth	0005_alter_user_last_login_null	2025-09-29 20:46:37.421717+03
11	auth	0006_require_contenttypes_0002	2025-09-29 20:46:37.42243+03
12	auth	0007_alter_validators_add_error_messages	2025-09-29 20:46:37.425923+03
13	auth	0008_alter_user_username_max_length	2025-09-29 20:46:37.433221+03
14	auth	0009_alter_user_last_name_max_length	2025-09-29 20:46:37.437459+03
15	auth	0010_alter_group_name_max_length	2025-09-29 20:46:37.442947+03
16	auth	0011_update_proxy_permissions	2025-09-29 20:46:37.446795+03
17	auth	0012_alter_user_first_name_max_length	2025-09-29 20:46:37.451954+03
18	sessions	0001_initial	2025-09-29 20:46:37.457317+03
20	meat_section	0001_initial	2025-09-29 23:50:06.365975+03
21	meat_section	0002_meat_title	2025-09-30 00:03:23.30267+03
22	bazar	0001_initial	2025-10-18 17:39:39.314387+03
23	bazar	0002_alter_product_options_alter_section_options_and_more	2025-10-20 18:47:46.527657+03
24	accounts	0001_initial	2025-10-29 18:48:57.853706+02
25	accounts	0002_rename_updatet_at_profile_updated_at_and_more	2025-11-01 23:03:43.523218+02
26	cart	0001_initial	2025-11-06 19:58:35.030585+02
27	authtoken	0001_initial	2025-11-12 20:25:10.101978+02
28	authtoken	0002_auto_20160226_1747	2025-11-12 20:25:10.119902+02
29	authtoken	0003_tokenproxy	2025-11-12 20:25:10.121531+02
30	authtoken	0004_alter_tokenproxy_options	2025-11-12 20:25:10.124424+02
\.


--
-- Data for Name: django_session; Type: TABLE DATA; Schema: public; Owner: username
--

COPY public.django_session (session_key, session_data, expire_date) FROM stdin;
mpcyr7ztdgpcda3a898nmdjv16gbumrx	.eJxVjEEOwiAQRe_C2pCBAmVcuvcMZBhAqoYmpV0Z765NutDtf-_9lwi0rTVsPS9hSuIslDj9bpH4kdsO0p3abZY8t3WZotwVedAur3PKz8vh_h1U6vVbYwRC59mgT4AMtpjCFB0WNYyOUY_WDdpQNogalXVQIOlCMYG15L14fwDTzzdZ:1v3IBC:xUU723sg1v6W49HfruJzSmmeGqZ9tyVnUI5cM-X9BKQ	2025-10-13 21:00:54.945533+03
84mgo4750cffo68hgm3lubsa2rzufj3n	.eJxVjEEOwiAQRe_C2pCBAmVcuvcMZBhAqoYmpV0Z765NutDtf-_9lwi0rTVsPS9hSuIslDj9bpH4kdsO0p3abZY8t3WZotwVedAur3PKz8vh_h1U6vVbYwRC59mgT4AMtpjCFB0WNYyOUY_WDdpQNogalXVQIOlCMYG15L14fwDTzzdZ:1v64OT:6hLOcSz0j26X-ImDjg4LdgWP77Rzc0IqhdC_6jq9S3M	2025-10-21 12:54:05.984096+03
fhlz4ccabny4xnhq6iwrokez81h75lck	.eJxVjEEOwiAQRe_C2hALnTK4dN8zkGEYbNVAUtqV8e7apAvd_vfef6lA2zqFrckS5qQuqnPq9DtG4oeUnaQ7lVvVXMu6zFHvij5o02NN8rwe7t_BRG361pSFHHIigIHZGxkA4IxoegbJjmGwHNmYDo03DGh7QRd9QsvSu-zV-wMb7jgt:1vFIKs:XWvZJVH40tPwNGym3ozdxfWr_aMzUsfnPPGFcYGKOuY	2025-11-15 22:36:30.407431+02
bg06khtra1cn4g4smf86o5ouertx2fiw	.eJxVjDsOwjAQBe_iGll2_AuU9JzB2s3ukgCypTipEHcnkVJA-2bmvVWGdRnz2njOE6mL6jp1-h0RhieXndADyr3qoZZlnlDvij5o07dK_Loe7t_BCG3c6hgII0kiFCORAUUgBOdcYuP6GCTGHjdgEgv3Mhi04js5kwXvbfLq8wU8sTkH:1vJIgC:xWY_-RNwjmjRIPmTqo6ZXYUbBNUY-UmZkO_zpZ-SX-c	2025-11-26 23:47:04.897987+02
\.


--
-- Name: accounts_profile_id_seq; Type: SEQUENCE SET; Schema: public; Owner: username
--

SELECT pg_catalog.setval('public.accounts_profile_id_seq', 11, true);


--
-- Name: auth_group_id_seq; Type: SEQUENCE SET; Schema: public; Owner: username
--

SELECT pg_catalog.setval('public.auth_group_id_seq', 1, true);


--
-- Name: auth_group_permissions_id_seq; Type: SEQUENCE SET; Schema: public; Owner: username
--

SELECT pg_catalog.setval('public.auth_group_permissions_id_seq', 1, false);


--
-- Name: auth_permission_id_seq; Type: SEQUENCE SET; Schema: public; Owner: username
--

SELECT pg_catalog.setval('public.auth_permission_id_seq', 72, true);


--
-- Name: auth_user_groups_id_seq; Type: SEQUENCE SET; Schema: public; Owner: username
--

SELECT pg_catalog.setval('public.auth_user_groups_id_seq', 1, true);


--
-- Name: auth_user_id_seq; Type: SEQUENCE SET; Schema: public; Owner: username
--

SELECT pg_catalog.setval('public.auth_user_id_seq', 22, true);


--
-- Name: auth_user_user_permissions_id_seq; Type: SEQUENCE SET; Schema: public; Owner: username
--

SELECT pg_catalog.setval('public.auth_user_user_permissions_id_seq', 1, false);


--
-- Name: bazar_category_id_seq; Type: SEQUENCE SET; Schema: public; Owner: username
--

SELECT pg_catalog.setval('public.bazar_category_id_seq', 1, false);


--
-- Name: bazar_product_id_seq; Type: SEQUENCE SET; Schema: public; Owner: username
--

SELECT pg_catalog.setval('public.bazar_product_id_seq', 55, true);


--
-- Name: bazar_section_id_seq; Type: SEQUENCE SET; Schema: public; Owner: username
--

SELECT pg_catalog.setval('public.bazar_section_id_seq', 35, true);


--
-- Name: cart_cart_id_seq; Type: SEQUENCE SET; Schema: public; Owner: username
--

SELECT pg_catalog.setval('public.cart_cart_id_seq', 8, true);


--
-- Name: cart_cartitem_id_seq; Type: SEQUENCE SET; Schema: public; Owner: username
--

SELECT pg_catalog.setval('public.cart_cartitem_id_seq', 166, true);


--
-- Name: django_admin_log_id_seq; Type: SEQUENCE SET; Schema: public; Owner: username
--

SELECT pg_catalog.setval('public.django_admin_log_id_seq', 38, true);


--
-- Name: django_content_type_id_seq; Type: SEQUENCE SET; Schema: public; Owner: username
--

SELECT pg_catalog.setval('public.django_content_type_id_seq', 18, true);


--
-- Name: django_migrations_id_seq; Type: SEQUENCE SET; Schema: public; Owner: username
--

SELECT pg_catalog.setval('public.django_migrations_id_seq', 30, true);


--
-- Name: accounts_profile accounts_profile_pkey; Type: CONSTRAINT; Schema: public; Owner: username
--

ALTER TABLE ONLY public.accounts_profile
    ADD CONSTRAINT accounts_profile_pkey PRIMARY KEY (id);


--
-- Name: accounts_profile accounts_profile_user_id_key; Type: CONSTRAINT; Schema: public; Owner: username
--

ALTER TABLE ONLY public.accounts_profile
    ADD CONSTRAINT accounts_profile_user_id_key UNIQUE (user_id);


--
-- Name: auth_group auth_group_name_key; Type: CONSTRAINT; Schema: public; Owner: username
--

ALTER TABLE ONLY public.auth_group
    ADD CONSTRAINT auth_group_name_key UNIQUE (name);


--
-- Name: auth_group_permissions auth_group_permissions_group_id_permission_id_0cd325b0_uniq; Type: CONSTRAINT; Schema: public; Owner: username
--

ALTER TABLE ONLY public.auth_group_permissions
    ADD CONSTRAINT auth_group_permissions_group_id_permission_id_0cd325b0_uniq UNIQUE (group_id, permission_id);


--
-- Name: auth_group_permissions auth_group_permissions_pkey; Type: CONSTRAINT; Schema: public; Owner: username
--

ALTER TABLE ONLY public.auth_group_permissions
    ADD CONSTRAINT auth_group_permissions_pkey PRIMARY KEY (id);


--
-- Name: auth_group auth_group_pkey; Type: CONSTRAINT; Schema: public; Owner: username
--

ALTER TABLE ONLY public.auth_group
    ADD CONSTRAINT auth_group_pkey PRIMARY KEY (id);


--
-- Name: auth_permission auth_permission_content_type_id_codename_01ab375a_uniq; Type: CONSTRAINT; Schema: public; Owner: username
--

ALTER TABLE ONLY public.auth_permission
    ADD CONSTRAINT auth_permission_content_type_id_codename_01ab375a_uniq UNIQUE (content_type_id, codename);


--
-- Name: auth_permission auth_permission_pkey; Type: CONSTRAINT; Schema: public; Owner: username
--

ALTER TABLE ONLY public.auth_permission
    ADD CONSTRAINT auth_permission_pkey PRIMARY KEY (id);


--
-- Name: auth_user_groups auth_user_groups_pkey; Type: CONSTRAINT; Schema: public; Owner: username
--

ALTER TABLE ONLY public.auth_user_groups
    ADD CONSTRAINT auth_user_groups_pkey PRIMARY KEY (id);


--
-- Name: auth_user_groups auth_user_groups_user_id_group_id_94350c0c_uniq; Type: CONSTRAINT; Schema: public; Owner: username
--

ALTER TABLE ONLY public.auth_user_groups
    ADD CONSTRAINT auth_user_groups_user_id_group_id_94350c0c_uniq UNIQUE (user_id, group_id);


--
-- Name: auth_user auth_user_pkey; Type: CONSTRAINT; Schema: public; Owner: username
--

ALTER TABLE ONLY public.auth_user
    ADD CONSTRAINT auth_user_pkey PRIMARY KEY (id);


--
-- Name: auth_user_user_permissions auth_user_user_permissions_pkey; Type: CONSTRAINT; Schema: public; Owner: username
--

ALTER TABLE ONLY public.auth_user_user_permissions
    ADD CONSTRAINT auth_user_user_permissions_pkey PRIMARY KEY (id);


--
-- Name: auth_user_user_permissions auth_user_user_permissions_user_id_permission_id_14a6b632_uniq; Type: CONSTRAINT; Schema: public; Owner: username
--

ALTER TABLE ONLY public.auth_user_user_permissions
    ADD CONSTRAINT auth_user_user_permissions_user_id_permission_id_14a6b632_uniq UNIQUE (user_id, permission_id);


--
-- Name: auth_user auth_user_username_key; Type: CONSTRAINT; Schema: public; Owner: username
--

ALTER TABLE ONLY public.auth_user
    ADD CONSTRAINT auth_user_username_key UNIQUE (username);


--
-- Name: authtoken_token authtoken_token_pkey; Type: CONSTRAINT; Schema: public; Owner: username
--

ALTER TABLE ONLY public.authtoken_token
    ADD CONSTRAINT authtoken_token_pkey PRIMARY KEY (key);


--
-- Name: authtoken_token authtoken_token_user_id_key; Type: CONSTRAINT; Schema: public; Owner: username
--

ALTER TABLE ONLY public.authtoken_token
    ADD CONSTRAINT authtoken_token_user_id_key UNIQUE (user_id);


--
-- Name: bazar_category bazar_category_pkey; Type: CONSTRAINT; Schema: public; Owner: username
--

ALTER TABLE ONLY public.bazar_category
    ADD CONSTRAINT bazar_category_pkey PRIMARY KEY (id);


--
-- Name: bazar_product bazar_product_pkey; Type: CONSTRAINT; Schema: public; Owner: username
--

ALTER TABLE ONLY public.bazar_product
    ADD CONSTRAINT bazar_product_pkey PRIMARY KEY (id);


--
-- Name: bazar_section bazar_section_pkey; Type: CONSTRAINT; Schema: public; Owner: username
--

ALTER TABLE ONLY public.bazar_section
    ADD CONSTRAINT bazar_section_pkey PRIMARY KEY (id);


--
-- Name: cart_cart cart_cart_pkey; Type: CONSTRAINT; Schema: public; Owner: username
--

ALTER TABLE ONLY public.cart_cart
    ADD CONSTRAINT cart_cart_pkey PRIMARY KEY (id);


--
-- Name: cart_cart cart_cart_user_id_key; Type: CONSTRAINT; Schema: public; Owner: username
--

ALTER TABLE ONLY public.cart_cart
    ADD CONSTRAINT cart_cart_user_id_key UNIQUE (user_id);


--
-- Name: cart_cartitem cart_cartitem_pkey; Type: CONSTRAINT; Schema: public; Owner: username
--

ALTER TABLE ONLY public.cart_cartitem
    ADD CONSTRAINT cart_cartitem_pkey PRIMARY KEY (id);


--
-- Name: django_admin_log django_admin_log_pkey; Type: CONSTRAINT; Schema: public; Owner: username
--

ALTER TABLE ONLY public.django_admin_log
    ADD CONSTRAINT django_admin_log_pkey PRIMARY KEY (id);


--
-- Name: django_content_type django_content_type_app_label_model_76bd3d3b_uniq; Type: CONSTRAINT; Schema: public; Owner: username
--

ALTER TABLE ONLY public.django_content_type
    ADD CONSTRAINT django_content_type_app_label_model_76bd3d3b_uniq UNIQUE (app_label, model);


--
-- Name: django_content_type django_content_type_pkey; Type: CONSTRAINT; Schema: public; Owner: username
--

ALTER TABLE ONLY public.django_content_type
    ADD CONSTRAINT django_content_type_pkey PRIMARY KEY (id);


--
-- Name: django_migrations django_migrations_pkey; Type: CONSTRAINT; Schema: public; Owner: username
--

ALTER TABLE ONLY public.django_migrations
    ADD CONSTRAINT django_migrations_pkey PRIMARY KEY (id);


--
-- Name: django_session django_session_pkey; Type: CONSTRAINT; Schema: public; Owner: username
--

ALTER TABLE ONLY public.django_session
    ADD CONSTRAINT django_session_pkey PRIMARY KEY (session_key);


--
-- Name: auth_group_name_a6ea08ec_like; Type: INDEX; Schema: public; Owner: username
--

CREATE INDEX auth_group_name_a6ea08ec_like ON public.auth_group USING btree (name varchar_pattern_ops);


--
-- Name: auth_group_permissions_group_id_b120cbf9; Type: INDEX; Schema: public; Owner: username
--

CREATE INDEX auth_group_permissions_group_id_b120cbf9 ON public.auth_group_permissions USING btree (group_id);


--
-- Name: auth_group_permissions_permission_id_84c5c92e; Type: INDEX; Schema: public; Owner: username
--

CREATE INDEX auth_group_permissions_permission_id_84c5c92e ON public.auth_group_permissions USING btree (permission_id);


--
-- Name: auth_permission_content_type_id_2f476e4b; Type: INDEX; Schema: public; Owner: username
--

CREATE INDEX auth_permission_content_type_id_2f476e4b ON public.auth_permission USING btree (content_type_id);


--
-- Name: auth_user_groups_group_id_97559544; Type: INDEX; Schema: public; Owner: username
--

CREATE INDEX auth_user_groups_group_id_97559544 ON public.auth_user_groups USING btree (group_id);


--
-- Name: auth_user_groups_user_id_6a12ed8b; Type: INDEX; Schema: public; Owner: username
--

CREATE INDEX auth_user_groups_user_id_6a12ed8b ON public.auth_user_groups USING btree (user_id);


--
-- Name: auth_user_user_permissions_permission_id_1fbb5f2c; Type: INDEX; Schema: public; Owner: username
--

CREATE INDEX auth_user_user_permissions_permission_id_1fbb5f2c ON public.auth_user_user_permissions USING btree (permission_id);


--
-- Name: auth_user_user_permissions_user_id_a95ead1b; Type: INDEX; Schema: public; Owner: username
--

CREATE INDEX auth_user_user_permissions_user_id_a95ead1b ON public.auth_user_user_permissions USING btree (user_id);


--
-- Name: auth_user_username_6821ab7c_like; Type: INDEX; Schema: public; Owner: username
--

CREATE INDEX auth_user_username_6821ab7c_like ON public.auth_user USING btree (username varchar_pattern_ops);


--
-- Name: authtoken_token_key_10f0b77e_like; Type: INDEX; Schema: public; Owner: username
--

CREATE INDEX authtoken_token_key_10f0b77e_like ON public.authtoken_token USING btree (key varchar_pattern_ops);


--
-- Name: bazar_product_category_id_24c32729; Type: INDEX; Schema: public; Owner: username
--

CREATE INDEX bazar_product_category_id_24c32729 ON public.bazar_product USING btree (category_id);


--
-- Name: bazar_product_section_located_id_7b21bd70; Type: INDEX; Schema: public; Owner: username
--

CREATE INDEX bazar_product_section_located_id_7b21bd70 ON public.bazar_product USING btree (section_located_id);


--
-- Name: bazar_product_slug_a7a511c4; Type: INDEX; Schema: public; Owner: username
--

CREATE INDEX bazar_product_slug_a7a511c4 ON public.bazar_product USING btree (slug);


--
-- Name: bazar_product_slug_a7a511c4_like; Type: INDEX; Schema: public; Owner: username
--

CREATE INDEX bazar_product_slug_a7a511c4_like ON public.bazar_product USING btree (slug varchar_pattern_ops);


--
-- Name: bazar_section_slug_1d451692; Type: INDEX; Schema: public; Owner: username
--

CREATE INDEX bazar_section_slug_1d451692 ON public.bazar_section USING btree (slug);


--
-- Name: bazar_section_slug_1d451692_like; Type: INDEX; Schema: public; Owner: username
--

CREATE INDEX bazar_section_slug_1d451692_like ON public.bazar_section USING btree (slug varchar_pattern_ops);


--
-- Name: cart_cartitem_cart_id_370ad265; Type: INDEX; Schema: public; Owner: username
--

CREATE INDEX cart_cartitem_cart_id_370ad265 ON public.cart_cartitem USING btree (cart_id);


--
-- Name: cart_cartitem_product_id_b24e265a; Type: INDEX; Schema: public; Owner: username
--

CREATE INDEX cart_cartitem_product_id_b24e265a ON public.cart_cartitem USING btree (product_id);


--
-- Name: django_admin_log_content_type_id_c4bce8eb; Type: INDEX; Schema: public; Owner: username
--

CREATE INDEX django_admin_log_content_type_id_c4bce8eb ON public.django_admin_log USING btree (content_type_id);


--
-- Name: django_admin_log_user_id_c564eba6; Type: INDEX; Schema: public; Owner: username
--

CREATE INDEX django_admin_log_user_id_c564eba6 ON public.django_admin_log USING btree (user_id);


--
-- Name: django_session_expire_date_a5c62663; Type: INDEX; Schema: public; Owner: username
--

CREATE INDEX django_session_expire_date_a5c62663 ON public.django_session USING btree (expire_date);


--
-- Name: django_session_session_key_c0390e0f_like; Type: INDEX; Schema: public; Owner: username
--

CREATE INDEX django_session_session_key_c0390e0f_like ON public.django_session USING btree (session_key varchar_pattern_ops);


--
-- Name: accounts_profile accounts_profile_user_id_49a85d32_fk_auth_user_id; Type: FK CONSTRAINT; Schema: public; Owner: username
--

ALTER TABLE ONLY public.accounts_profile
    ADD CONSTRAINT accounts_profile_user_id_49a85d32_fk_auth_user_id FOREIGN KEY (user_id) REFERENCES public.auth_user(id) DEFERRABLE INITIALLY DEFERRED;


--
-- Name: auth_group_permissions auth_group_permissio_permission_id_84c5c92e_fk_auth_perm; Type: FK CONSTRAINT; Schema: public; Owner: username
--

ALTER TABLE ONLY public.auth_group_permissions
    ADD CONSTRAINT auth_group_permissio_permission_id_84c5c92e_fk_auth_perm FOREIGN KEY (permission_id) REFERENCES public.auth_permission(id) DEFERRABLE INITIALLY DEFERRED;


--
-- Name: auth_group_permissions auth_group_permissions_group_id_b120cbf9_fk_auth_group_id; Type: FK CONSTRAINT; Schema: public; Owner: username
--

ALTER TABLE ONLY public.auth_group_permissions
    ADD CONSTRAINT auth_group_permissions_group_id_b120cbf9_fk_auth_group_id FOREIGN KEY (group_id) REFERENCES public.auth_group(id) DEFERRABLE INITIALLY DEFERRED;


--
-- Name: auth_permission auth_permission_content_type_id_2f476e4b_fk_django_co; Type: FK CONSTRAINT; Schema: public; Owner: username
--

ALTER TABLE ONLY public.auth_permission
    ADD CONSTRAINT auth_permission_content_type_id_2f476e4b_fk_django_co FOREIGN KEY (content_type_id) REFERENCES public.django_content_type(id) DEFERRABLE INITIALLY DEFERRED;


--
-- Name: auth_user_groups auth_user_groups_group_id_97559544_fk_auth_group_id; Type: FK CONSTRAINT; Schema: public; Owner: username
--

ALTER TABLE ONLY public.auth_user_groups
    ADD CONSTRAINT auth_user_groups_group_id_97559544_fk_auth_group_id FOREIGN KEY (group_id) REFERENCES public.auth_group(id) DEFERRABLE INITIALLY DEFERRED;


--
-- Name: auth_user_groups auth_user_groups_user_id_6a12ed8b_fk_auth_user_id; Type: FK CONSTRAINT; Schema: public; Owner: username
--

ALTER TABLE ONLY public.auth_user_groups
    ADD CONSTRAINT auth_user_groups_user_id_6a12ed8b_fk_auth_user_id FOREIGN KEY (user_id) REFERENCES public.auth_user(id) DEFERRABLE INITIALLY DEFERRED;


--
-- Name: auth_user_user_permissions auth_user_user_permi_permission_id_1fbb5f2c_fk_auth_perm; Type: FK CONSTRAINT; Schema: public; Owner: username
--

ALTER TABLE ONLY public.auth_user_user_permissions
    ADD CONSTRAINT auth_user_user_permi_permission_id_1fbb5f2c_fk_auth_perm FOREIGN KEY (permission_id) REFERENCES public.auth_permission(id) DEFERRABLE INITIALLY DEFERRED;


--
-- Name: auth_user_user_permissions auth_user_user_permissions_user_id_a95ead1b_fk_auth_user_id; Type: FK CONSTRAINT; Schema: public; Owner: username
--

ALTER TABLE ONLY public.auth_user_user_permissions
    ADD CONSTRAINT auth_user_user_permissions_user_id_a95ead1b_fk_auth_user_id FOREIGN KEY (user_id) REFERENCES public.auth_user(id) DEFERRABLE INITIALLY DEFERRED;


--
-- Name: authtoken_token authtoken_token_user_id_35299eff_fk_auth_user_id; Type: FK CONSTRAINT; Schema: public; Owner: username
--

ALTER TABLE ONLY public.authtoken_token
    ADD CONSTRAINT authtoken_token_user_id_35299eff_fk_auth_user_id FOREIGN KEY (user_id) REFERENCES public.auth_user(id) DEFERRABLE INITIALLY DEFERRED;


--
-- Name: bazar_product bazar_product_category_id_24c32729_fk_bazar_category_id; Type: FK CONSTRAINT; Schema: public; Owner: username
--

ALTER TABLE ONLY public.bazar_product
    ADD CONSTRAINT bazar_product_category_id_24c32729_fk_bazar_category_id FOREIGN KEY (category_id) REFERENCES public.bazar_category(id) DEFERRABLE INITIALLY DEFERRED;


--
-- Name: bazar_product bazar_product_section_located_id_7b21bd70_fk_bazar_section_id; Type: FK CONSTRAINT; Schema: public; Owner: username
--

ALTER TABLE ONLY public.bazar_product
    ADD CONSTRAINT bazar_product_section_located_id_7b21bd70_fk_bazar_section_id FOREIGN KEY (section_located_id) REFERENCES public.bazar_section(id) DEFERRABLE INITIALLY DEFERRED;


--
-- Name: cart_cart cart_cart_user_id_9b4220b9_fk_auth_user_id; Type: FK CONSTRAINT; Schema: public; Owner: username
--

ALTER TABLE ONLY public.cart_cart
    ADD CONSTRAINT cart_cart_user_id_9b4220b9_fk_auth_user_id FOREIGN KEY (user_id) REFERENCES public.auth_user(id) DEFERRABLE INITIALLY DEFERRED;


--
-- Name: cart_cartitem cart_cartitem_cart_id_370ad265_fk_cart_cart_id; Type: FK CONSTRAINT; Schema: public; Owner: username
--

ALTER TABLE ONLY public.cart_cartitem
    ADD CONSTRAINT cart_cartitem_cart_id_370ad265_fk_cart_cart_id FOREIGN KEY (cart_id) REFERENCES public.cart_cart(id) DEFERRABLE INITIALLY DEFERRED;


--
-- Name: cart_cartitem cart_cartitem_product_id_b24e265a_fk_bazar_product_id; Type: FK CONSTRAINT; Schema: public; Owner: username
--

ALTER TABLE ONLY public.cart_cartitem
    ADD CONSTRAINT cart_cartitem_product_id_b24e265a_fk_bazar_product_id FOREIGN KEY (product_id) REFERENCES public.bazar_product(id) DEFERRABLE INITIALLY DEFERRED;


--
-- Name: django_admin_log django_admin_log_content_type_id_c4bce8eb_fk_django_co; Type: FK CONSTRAINT; Schema: public; Owner: username
--

ALTER TABLE ONLY public.django_admin_log
    ADD CONSTRAINT django_admin_log_content_type_id_c4bce8eb_fk_django_co FOREIGN KEY (content_type_id) REFERENCES public.django_content_type(id) DEFERRABLE INITIALLY DEFERRED;


--
-- Name: django_admin_log django_admin_log_user_id_c564eba6_fk_auth_user_id; Type: FK CONSTRAINT; Schema: public; Owner: username
--

ALTER TABLE ONLY public.django_admin_log
    ADD CONSTRAINT django_admin_log_user_id_c564eba6_fk_auth_user_id FOREIGN KEY (user_id) REFERENCES public.auth_user(id) DEFERRABLE INITIALLY DEFERRED;


--
-- PostgreSQL database dump complete
--

\unrestrict j7n2N640r1K9eZjjrfjSK1cEPqddfzjGL2LEyCF6Cc1PJ5STq8aIgCb42gb5JY6

